Afghanistan#
Albania#
Algeria#Merck Institute for Therapeutic Research, Rahway#Exxon Research and Engineering Company#Central Research and Development Department#
America##Syracuse University#Michigan Technological University#Research Triangle Park#Exxon Research and Engineering Co.#St. Croix#The University of Georgia#Indiana#Louisiana#University of California, Los Angeles#Columbia#University of California, Irvine#Allied-Signal Inc#Appalachian State University#University of Idaho#Atlanta#University of South Florida#University of Pittsburgh#Flagstaff#University of Rochester#Alaska#GA#Newmexico#IBM ADSTAR#Marvland#Dartmouth Medical School#Laboratory of Molecular Biology#Schering Corporation#University of North Dakota#Wake Forest University#UCLA AIDS Center#Tokyo Institute of Technology#New York University#Newjersey#Denver#Roche Institute of Molecular Biology#U.S. Geological Survey#Maryland#Tulane University#University of Tennessee - Knoxville#Woods Hole, MA#Boston College#Arizona#Veterans Affairs Medical Center#The University of Texas at Dallas#Wayne State University#San Diego#Boise#Brandeis University#Vanderbilt University#Honolulu#Ottawa, Ontario#Georgia Institute of Technology#University of Nebraska - Lincoln#Brigham Young University#Greenbelt, MD#Hoffmann-La Roche, Inc.#University of New Hampshire#Wistar Institute for Anatomy and Biology#University of Rhode Island#Ohio#Rhode Island#Pasadena, CA#ME#MD#MA#Laboratory of Molecular Immunoregulation#MO#MN#MI#MT#MS#Morristown, NJ#Maine#Montana State University - Bozeman#Ortho Research Foundation#Kansas#Washington State University - Pullman#University of Alaska - Fairbanks#Lansing#Richmond#Providence#FL#California Institute of Technology#Columbus#Indianapolis#New Jersey Medical School#Williams College#Upton, NY#Inidiana#Pomona College#University of Medicine and Dentistry of New Jersey-New Jersey Medical School#Jet Propulsion Laboratory#Philadelphia, PA#Montreal#Rhodeisland#The University of Akron#'U.S. Army Cold Regions Research and Engineering Laboratory#Michigan State University#University of Cincinnati#Oak Ridge#SC#Nevada#SD#University of Kansas - Lawrence#Kansas State University#Annapolis# National Institutes of Health#Constitution Drive#Lowell Observatory#U.S#Northwestern University#Phoenix#LA#Central Research Department, E. I. du Pont de Nemours#Roswell Park Memorial Institute#Hartford#State Meteorological Committee#University of California, Riverside#Auburn University#Hanover#Nebraska#The Abramson Family Cancer Research Institute#Tallahassee#Tennessee#North Dakota State University#Grand Forks, ND#Mississippi#Brown University#Rutgers, The State University of New Jersey - Newark#Louisiana State University - Baton Rouge#Wyoming#Minnesota#Illinois#Newark#Texas#Howard Hughes Medical Institute#OklahomaCity#RL#Oklahoma#Texas A&M University - College Station#Newhampshire#National Center for Atmospheric Research#University of Pennsylvania#The University of New Mexico - Albuquerque#Augusta#SaltLakeCity#Topeka#Harvard-Smithsonian Center for Astrophysics#The Johns Hopkins University#Virginia Commonwealth University#Temple University#Virgin Islands#Pittsburg#Montpelier#Texas Tech University#St.Paul#North Carolina State University - Raleigh#University of Massachusetts Medical School#Yeshiva University#Frankfort#Calif. #State University of New York at Stony Brook#Colorado School of Mines#Pennsylvania State University - University Park#Socorro, NM#Michigan#National Oceanic and Atmospheric Administration#Georgetown University#Plant Biology Laboratory#Inadiana#IBM Research Division, Almaden Research Center#arizona#AT&T Bell Laboratorie#Tucson#Scripps Institution of Oceanography#Georgia State University#Buffalo#University of Chicago#Seattle#Gaithersburg, MD#University of Vermont#Boston#Howard Hughes Medical Institute #outh San Francisco#The University of Montana - Missoula#VT#'Laboratory of Infectious Diseases, National Institute of Allergy and Infectious Diseases#Raleigh#Ontario#Rockefeller University#Stanford University#Laboratory of Molecular Carcinogenesis#Durham, NH#Bethesda#University of California, Merced#Lanham, MD#University of California, Berkeley#College of Medicine and Dentistry of New Jersey#BatonRouge#E. L. Steele Laboratory#Deerfield#Materials Research Laboratory#Los Alamos National Laboratory#Clinical Research Intstituite of Montreal#Southcarolina#University of Southern California#Lincoln#NASA Langley Research Center#The George Washington University#Laboratory for Atmospheres, NASA/GSFC#Annandale, NJ#NASA Ames Research Center#Princeton Particle Accelerator#'Merck Sharp & Dohme Research Laboratories#University of Southern Mississippi#Northern Great Plains Research Center#Charleston#West Virginia University#University of Iowa#Colorado#Rutgers, The State University of New Jersey - New Brunswick#San Diego State University#Californiia Inistitlute of Technology#KS#New York#Kent State University#KY#Laboratory of Molecular Genetics#University of Dayton#Tucson, AZ#Grand Forks#DE#Boulder, CO#Scotts Valley#Carnegie Mellon University#Wilmington, DE#National Institute of Dental Research#Idaho#The University of Alabama at Birmingham#Mayo Medical School#Rensselaer Polytechnic Institute#Virginia#Monsanto Company#State University of New York at Buffalo#Peabody Museum of Natural History#U.C.L.A. School of Medicine#Florida State University#Jersey City#Cornell University#Hawaii#Kentucky#Virginia Polytechnic Institute and State University#Medical University of South Carolina#Boone#La Jolla#National Aeronautics and Space Administration#Iowa#Portland State University#George Mason University#Massachusetts Institute of Technology (MIT)#Trenton#University of Arkansas at Fayetteville#Chapel Hill#Suffolk#Harrisburg#Dartmouth College#Bell Telephone Laboratories#UCLA School of Medicine#WA#University of Medicine and Dentistry of New Jersey#University of Florida#Bethesda, MD #WI#WV#Mount Sinai School of Medicine#WY#Miami University#DesMoines#Rice University#Sacramento#Northcarolina#U. S. Army Cold Regions Research and Engineering Laboratory#Brookhaven National Laboratory#carolina#Department of Pathology, Dartmouth Medical School#University of Washington#D.C.#Northdakota#Montgomery#Olympia#University of Kentucky#Southern Methodist University#New Jersey#National Oceanic and Atmospheric Administration, Aeronomy Laboratory#Concord#Washington#CarsonCity#Andover#University of Michigan - Ann Arbor#Laboratory of Reproductive and Developmental Toxicology#Broadway, Boulder, CO'#University of Central Florida#University of Nebraska Medical Center#Pawtucket#Jackson#University of Colorado at Boulder#Oregon Health and Science University#Bell Telephone Laboratories, Inc#Cheyenne#Harvard University#Wisconsin#Helena#Hughes-STX Corporation#Jet propulsion Laboratory#Oregon#the National Institute of Standards and Technology#PA#Los Angeles#Bell Laboratorie#Chas. Pfizer & Co., Inc.#Palisades, NY#Florida#University of Wisconsin - Milwaukee#University of Missouri - Columbia#North Carolina#Quebec#california Institute of Technology#University of Houston#University of Maryland, Baltimore County#Delaware#Piscataway#North Carolina State#University of Massachusetts Amherst#Seton Hall College of Medicine#University of California, Santa Barbara#Universidad Catolica Andres Bello#Medical College of Wisconsin#University of California#California#The University of Texas Health Science Center at Houston#Washington University in St. Louis#Georgia#CO#North Dakota#San Jose, CA#Pennsylvania#CA#University of California, Santa Cruz#Philadelphia#Case Western Reserve University#Princeton University#CT#Merck Sharp & Dohme Research Laboratories#City University of New York City College#The Institute for Cancer Research, Fox Chase Cancer Center#State University of New York at Albany#Salem#Cleveland#University of Wyoming#Purdue University#Bismarck#University of Notre Dame#Hoffmann-La Roche Inc.#Pasadenia#University of Utah#University of California San Diego #The University of Texas M. D. Anderson Cancer Center#Newyork#Nashville#University of Oregon#New Hampshire#University of Delaware#VA#Vermont#Rutgers University#Corvallis#Arizona State University - Tempe#University of california#Duke University#IL#Tufts University#IN#IA#Environmental Research Laboratory#ID#Houston#Genentech, Inc.#Pierre#Nw York #Buffalo, N. Y#Los Alamos #University of Maryland, College Park#Albany#Oak Ridge National Laboratory#Woods Hole#National Institutes of Health#Menlo Park, CA#Piscataway Township, NJ#Center for Nanoscale Science and Technology#Connecticut#University of Illinois at Urbana-Champaign#Littlerock#Berkeley#Laboratory of Tumor Cell Biology, National Cancer Institute#Purdue University - West Lafayette#East Orange#University of South Carolina - Columbia#University of North Texas#Department of Microbiology, UCLA#Verna and Marrs McLean Department of Biochemistry and Molecular Biology#Cold Spring Harbor Laboratory#Missouri#Merck Institute for Therapeutic Research-Merck Sharp & Dohme Research Laboratories#Lamont-Doherty Geological Observatory#The University of Texas at Austin#OK#University of Medicine and Dentistry New Jersey#OH#Boston University#Bloomfield#Emory University#US National Institutes of Health#Chemistry and Life Sciences Laboratory#OR#Oregon State University#Jet Propulsion Laboratory'#E. I. Du Pont de Nemours and Company#The University of Texas Health Science Center at San Antonio#Gainesville#Indiana University Bloomington#HI#JeffersonCity#Containerless Research Incorporated#Drexel University#State University of New York Health Science Center at Brooklyn#Harvard-MIT Division of Health Sciences and Technology#Gladstone Institute of Virology and Immunology#Montana#Massachusetts#University of Illinois at Chicago#Southdakota# Orego#Argonne National Laboratory#Bellcore, Red Bank#Los Alamos#University of Hawaii at Manoa#Madison#University of Maryland, Baltimore#Iowa State University#UT#Johns Hopkins University#US#SantaFe#Lavenham#University of North Carolina#National Institute of Neurological Disorders and Stroke#Corporate Research Laboratories#Scotland#Arkansas#National Institute of Environmental Health Sciences#Lehigh University#Massachutsetts#Alabama#NH#Indiana University-Purdue University at Indianapolis#NJ#ontario#NM#University of California, San Francisco#NC#ND#NE#W. K. Kellogg Biological Station#NY#Westvirginia#National Research Council#NV#University of Miami#The University of Connecticut - Storrs#New Jersey College of Medicine#University of Virginia#Woods Hole Oceanographic Institution#Austin#University of Minnesota, Twin Cities#University of Wisconsin - Madison#Reston, VA#Thomas E. Starzl Transplantation Institute#University of Pennsylvania #Clemson University#Yale University#Northeastern University#National Radio Astronomy Observatory#Columbia University#Utah State University#University of Arizona#Boulder#Argonne#USA#Baylor College of Medicine#Santa MonicaTucson#Research Institute of Scripps Clinic# Merck Sharp & Dohme Research Laboratories#National Institute of Standards and Technology#Springfield#Cambridge, MA#University of Colorado at Denver#TX#Albert Einstein College of Medicine#Princeton#Utah#TN#The University of Texas Medical Branch at Galveston#University of California, Davis#IBM Research Division, T. J. Watson Research Center, Yorktown Heights#Mississippi State University#Thomas Jefferson University#Omaha#University of Oklahoma - Norman#Colorado State University#AK#Wilmington#AL#The Ohio State University - Columbus#AR#College of the Virgin Islands#State University of New Jersey#AZ#Baltimore#Dover#Molecular Physics Laboratory#Juneau#CIBA Pharmaceutical Company#The University of Texas Southwestern Medical Center at Dallas#
American#University of G#Harvard–MIT Division of Health Sciences and Technology#Harvard Cancer Center#onald W. Reynolds Cardiovascular Clinical Research Center#Advanced MRI Sectio#David H. Koch Center#Marine Science Institute#Harvard&#Duncan Cancer Center#The Ludwig Center at Dana-Farber#G. W. Hooper Research Foundation#Lewis Thomas Laboratory#David Geffen School of Medicine#Harvard Reproductive Endocrine Science Centers#Emory Vaccine Center#Rockefeller Foundation Post-doctoral Fellow#idney Kimmel Comprehensive Cancer Center at Johns Hopkins#Charles F. andJoanne Knight Alzheimer’s Disease Research Center#Harvard Kennedy School#Robert Wood Johnson Medical School#oward Hughes Medical Institute and Department of Microbiology and Immunology#hurston Arthritis Research Center#David H. Smith Center for Vaccine Biology and Immunology#oward Hughes Medical Institute#The David H. Koch Institute for Integrative Cancer Research#David H. Koch Institute for Integrative Cancer Research#Harvard Stem Cell Institute#Johnson Research Foundation#T.C. Jenkins Department of Biophysics#The Dan L. Duncan Cancer Center#Eugene McDermott Center for Human Growth and Development#Eli and Edythe Broad Center of Regenerative Medicine and Stem Cell Research#Technology and Research (A*STAR)#Eugene McDermott Center#Vollum Institute#Byers Hall#
American Samoa#
Andorra#
Angola#Angol#Lobito#
Anguilla#
Antarctica#
Antigua and BarbudaAntigua and Barbuda#AG#
Argentina#Universidad Nacional de Río Cuarto#Facultad de Farmacia y Bioqu#Mendoza#a y Bioqu#Rio Cuarto#tedra de Bioqu#Chubut#University of Buenos Aires#Buenos Aires CP#Seccion de Bioqu#Rosario#Argenti#gicas and Departamento de Bioqu#Chascomús#La Plata#Río Cuarto#Buenos Aires#Instituto de Bioqu#Catedra de Bioqu#Universidad de Rosario#Misiones Province#Trelew#Universidad de Buenos Aires#sica y Bioqu#Departamentos de Bioqu#Departamento de Bioqu#Universidad Nacional de La Plata#Bariloche#Buenos Aires C1428EGA#n de Bioqu#Serrano#Instituto de Investigaciones Bioqu#Puerto Madryn#Suipacha#Catholic University of Salta#Salta#Ushuaia#Departmento de Bioqu#
Armenia#Boyce Thompson Institute for Plant Research#Rochester#Flushing#Madras#Chicago#Yonkers#Helen Diller Family Comprehensive Cancer Center#Abbots Ripton#Cardiac Bioelectricity and Arrhythmia Center#Mineola#Cold Spring Harbor#Knight Alzheimer''s Disease Research Center#Westinghouse Electric Corporation#Walter B. James Laboratory for Biophysics#Tempe#Brooklyn#Christiansted#General Electric Research Laboratory#N.Y.#Arizoma State University#National Dairy Products Corporation#Staten Island#University of Madras#Booth Memorial Hospital#Schenectady#Huntingdon#Long Island#Elmira#Chester#General Electric Co.#Az#Queens College#Cold Spring Harbor Laboratory#
Aruba#
Australi##Brisbane#University of Queensland#
Australia#University of Newcastle#University of Technology, Sydney#James Cook University#Bio21 Institute#School of Chemistry and Bio21 Institute#Deakin University#Naturhistorisches Museum Wien#Sydney#Griffith University#The University of Western Australia#Swinburne University of Technology#Curtin University of Technology#Commonwealth Scientific and Industrial Research Organisation#Victori#Sydney Technical College#The University of Adelaide#Macquarie University#The Australian National University#Bureau of Mineral Resources, Geology and Geophysics#La Trobe University#University of Queensland#The University of Queensland#Flinders University#Commonwealth Scientific and Industrial Research Organization#Royal North Shore Hospital#CSIRO Division of Entomology#Queensland#University of Adelaide#Tasmania#Vienna#Univeristy of Sydney#nternational Institute for Applied Systems Analysis#Monash University#Royal Melbourne Institute of Technology#Amalgamated Wireless (Australasia) Ltd.#John and Mary Markle Foundation Scholar#The Royal North Shore Hospital#University of Wollongong#Melbourne#Hobart#Baas Becking Geobiological Laboratory#University of New South Wales#CSIRO Division of Plant Industry#CSIRO#Mount Stromlo#St. Vincent''s School of Medical Research#C.S.I.R.O.#Canberra#C.S.I.R.O. Division of Wildlife Research#Brisbane#St. Vincent''s Hospital#University of Tasmania#Queensland University of Technology#Murdoch University#University of Melbourne#Chippendale, N.S.W#University of Sydney#Adelaide#Prince Henry Hospital#Griffith#New South Wales#Prince Henry''s Institute of Medical Research#
Australia	#
Austria#Vienna University of Technology#Johannes Kepler Universität#University of Vienna#Wien#Medical University of Graz#Oberndorf#Universität Wien#General Hospital Oberndorf#Kundl#Medical University#Linz#Innsbruck Medical University#Innsbruck#Leoben#University of Music and Performing Arts#University of Innsbruck#Landeskrankenhaus Feldkirch#Graz#Salzburg#Feldkirch#Paracelsus Medical University Salzburg#Klosterneuburg#University of Graz#Austri#Leopold-Franzens-Universität Innsbruck#Institut für Ionenphysik und Angewandte Physik#Medical University Graz#University for Agricultural Sciences, Vienna#Institute of Science and Technology#Medical University of Innsbruck#Research Institute for Symbolic Computation#Hospital Oberndorf#Graz University of Technology#Johannes Kepler University Linz#University of Leoben#Medical University of Vienna#
Azerbaijan#
Bahamas#
Bahrain#
Balboa#Canal Zone#
Bangladesh#Dhaka#Dhaka-1212#University of Dhaka#Mohakhali#Dhaka 1000#International Centre for Diarrhoeal Disease Research Bangladesh#
Barbados#
Bari#University of Bari#
Belarus#
Belgique#Seton Hall College of Medicine#National Institute of Standards and Technology#Developmental Neurobiology, Universit\xc3\xa9 Catholique de Louvain#
Belgium#University of Liege#Leuven#Flanders Interuniversity Institute for Biotechnology#Agronomic Institute of the University of Louvain#Ghent University#Carnoy Instituut#University Libre Bruxelles#de Louvain.Service G#Catholic University of Louvain#de Louvain#Louvain#University of Antwerp#University of Ghent#Catholic University of Leuven#Brussels#University of Louvain#
Belize#
Benin#
Bermuda#
Bhutan#
Bolivia#
Bosnia and Herzegovina#
Botswana#
Bouvet Island#
Brasil#Natal RN#Rio de Janeiro#
Brazil#Universidade de Bras#Federal University of Rio de Janeiro#Federal University of Minas Gerais#Federal University of Rio Grande do Sul#State University of Campinas#Federal University of Pernambuco#Sao Paulo State University#University of Sao Paulo#
British Indian Ocean Territory#IO#
Brunei#
Bulgaria#Bulgarian Academy of Sciences#Varna#Sofia#Bulgari#
Burkina Faso#
Burma##
Burundi#
Cambodia#Cambodi#Siem Reap#Phnom Penh#
Cameroon#Yaoundé#Cameroo#
Cameroun#
Canada#Toronto#Livermore#Ontario#University of Waterloo#Québec#McMaster University#University of Saskatchewan#Whitehorse#Concordia University#Pasadena#Dalhousie University#Connaught Medical Research Laboratories#Calgary#Harry Road, San Jose#Western University#Acadia University#McGill Cancer Centre#Molecular Biology and Cell Biology, Genentech, Inc.#Moss Landing#University of Ottawa#University of Alberta#York University#Saskatchewan#Almaden Research Center#QC#University of Sherbrooke#Albert Einstein College of Medicine#Montreal#Montréal#Wolfville#Jet Propulsion Laboratory#Lawrence Livermore National LaboratoryGeological Survey#Quebec#The University of Calgary#University of Regina#Université de Montréal#Ontario Cancer Institute#Moss Landing Marine Laboratories#Menlo Park#CA#Ottawa#U.S. #University of British Columbia#Carleton University#University of Manitoba#Nova Scotia#Queen's University#University of Montreal#University of Guelph# Hospital for Sick Children, Toronto#Niagara Falls#New Brunswick#Laval University#Nova Scoti#McGill University#Simon Fraser University#Institut de Cardiologie de Montréal#University of Victoria#University of Toronto#University of Quebec#Winnipeg#The University of Western Ontario#South San Francisco#Catalytica, Inc.#Manitoba Museum of Man and Nature#
Cape Verde#
Cayman Islands#
Central Africa Republic#
Chad#
Chech#Praha#
Chile#Catholic University of Chile#University of Chile#
China#Zhengzhou#Institute of Basic Medical Sciences#ShanghaiTech University#Joinn Laboratory#Xian Jiao Tong University#Chi#Linyi#Beijing Institute of Respiratory Medicine#Chinese Academy of Agricultural Sciences#State Oceanic Administration#Beijing Chao-Yang Hospital#Fudan University#Capital Medical University#Shanghai Jiaotong University School of Medicine#Beijing Genomics Institute-Shenzhen#Northwest University#Donghua University#Xia Men University#Wuhan#Guizhou University#Beijing Genome Institute#Yangling#Soochow University#Shenzhen #HeFei University of Technology#Lanzhou University#Zhejiang Medical University#National Institute for Communicable Disease Control and Prevention#Novel Bioinformatics Company#Shanghai Research Center for Model Organisms#Shanghai Jiao-Tong University School of Medicine#Linyi University#Anhui University#Beijing Center for Physical and Chemical Analysis#National Central University#Shandong University#Shijiazhuang, Hebei#Harbin Engineering University# Fourth Military Medical University#First Affiliated Hospital of Harbin Medical University#Shanxi University#The Hong Kong Polytechnic University#National Taiwan University of Science & Technology#Tangshan#Tibet Autonomous Region#Beijing Institute of Microbiology and Epidemiology#Guizhou#Shanghai Genomics, Inc.#National Chung Cheng University#Harbin#Capital Medical University School of Basic Medicine#Providence University#JoeKai, Inc.#Tongji University#Tunghai University# Henan Agricultural University#Gansu Agricultural University#Northwest Agriculture and Forestry University#Nanjing Medical University#Shenyang#Ningbo University#Guang Dong Medical College#The Hong Kong University of Science and Technology#Peking University#Langfang#Shanghai Institute of Biological Sciences#Southeast University# Capital Normal University#East China University of Science and Technology#Henan Agricultural University#Chang Gung University# Capital University of Medical Sciences#Taiw#Beihang University# Hefei#Wenzhou Medical College# Shandong#Shanghai Diabetes Institute, Shanghai Key Laboratory of Diabetes Mellitus#College of Pharmaceutical Sciences#The Chinese University of Hong Kong#HKU–Pasteur Research Centre#Jiangsu Institute of Parasitic Diseases#Nankai University#Jiangsu# Central-South University#Shanghai Jiaotong University#Chinese Academy of Inspection and Quarantine#Guangzhou#Jiangnan University#China University of Political Science and Law#Zhejiang#Nanjing Agricultural University#Henan Academy of Agricultural and Forestry Science#National Taiwan University#National Chiao Tung University#Beijing University of Posts and Telecommunications#National Taipei University of Technology#Xinjiang#Sichuan University#Xiamen#Chinese National Genome Center#Shanghai First People''s Hospital#City University of Hong Kong#Sun Yat-Sen University#The Second Military Medical University#Feng Chia University#Shanghai Jiao Tong University#Hangzhou#Shanghai Institute of Materia Medica, Chinese Academy of Science#Huazhong Agriculture University#Wuxi#Taiyuan#Soochow#Chinese Culture University#Xinjiang Center for Disease Control and Prevention#Harbin Medical University#Fujian#Shanghai E-Institute for Model Organisms#Guangxi#Hong Kong Baptist University#Ocean University of China#Tianjin Medical University#South China University of Technology#Wuhan University of Technology#National Cheng Kung University#Langfang Normal University#Fu Jen Catholic University#Beijing Jiaotong University#Xijing Hospital#National Sun Yat-Sen University#Guangdong#Chinese Academy of Social Science#Ningbo#Beijing Forestry University#Liaoning Province Institute of Archaeology#Xinjiang Normal University#Shantou University#Nei Mongol#The University of Hong Kong#Hebei University#Zhejiang Chinese Medical University#Tsinghua University# Soochow University#Huazhong University of Science and Technology#Fujian Agriculture and Forestry University#National Yang Ming University#Guangxi Animal Centers for Disease Control#Dalian University of Technology#Lanzhou#National Yunlin University of Science and Technology#Chinese Academy of Science#Jiangsu University Affiliated Hospital# Beijing 306 Hospital#Peking Union Medical College#Beijing Normal University#Yunnan#National Engineering Center for Biochip at Shanghai#Nanjing Normal University#Yunnan Institute of Cultural Relics and Archaeology#Kunming#Zhangjiang Hi-Tech Park#Shanghai University of Traditional Chinese Medicine#Capital Medical University School of Stomatology#Tibet Academy of Social Sciences#Sichuan Academy of Medical Sciences and Sichuan Provincial People''s Hospital#Tsingua University#Nanjing University#Chang'An University#Ningbo Addiction Research and Treatment Center#Shandong Tianyu Museum of Nature#Beijing Institute of Biotechnology#CN#Zhejiang Academy of Agricultural Sciences#Macau University of Science and Technology#National Tsing Hua University#Tianjin University# Agricultural University of Hebei#Linhe#Jilin Agricultural University#Zhejiang University#Hunan University#Guiyang#Chung Yuan Christian University#University of Macau#Guizhou Normal University#Weifang Medical University#Xi’an#Wuhan University#Shanghai Jiaotong University Affiliated Sixth People’s Hospital#Beijing#Hebei United University#Guangxi University#Xinqiao Hospital#Zhejiang Sci-Tech University#Sun Yat-sen University#Yuan Ze University#National Changhua University of Education#National Institute of Biological Sciences#Chinese Research Academy of Environmental Sciences#University of Shanghai for Science and Technology#Northwest A&F University#National Taiwan Normal University#Jiaotong University#China Medical University#Pingyi#University of Science and Technology of China#Shenyang Normal University#Chinese Academy of Social Sciences#Tianjin#Northeast Forestry University#Shanghai#Hunan Normal University# Institute of Health and Environmental Medicine#Taipei Medical University#Hangzhou Normal University#National Laboratory of Experimental Hematology#Xidian University#Tamkang University#Central University of Finance and Economics#Shaanxi Province# Xian Jiaotong University#Beijing Institute of Technology#Changhai Hospital#China Agricultural University#Yunnan Institute for Epidemic Diseases Control and Research#Rui-Jin Hospital affiliated to Shanghai Jiao-Tong University School of Medicine#Skaggs School of Pharmacy and Pharmaceutical Sciences#Beijing Genomics Institute#Wenzhou#Yangzhou University#Changchun#Xiamen University#National Kaohsiung First University of Science and Technology#Chinese National Human Genome Center at Shanghai#Zhongguancun Life Science Park#Shanghai Normal University#National Institute of Biological Science#Jilin University#Military Center for Disease Control and Prevention#Nanning#Qingdao#Chongqing#Chinese Academy of Sciences#National Key Facilities for Crop Genetic Resources and Improvement#Chinese Academy of Agricultural Science#Shanghai Veterinary Research Institute#First Hospital affiliated with Suzhou University School of Medicine#Beijing University of Technology#Yangzhou#Second Military Medical University#Shanghai Center for Bioinformation Technology#Hefei National Laboratory for Physical Sciences#Luzhou Medical College#Northeast Normal University#Jinan University#Key Laboratory of Risk Assessment and Control for Environment and Food Safety#Harbin Institute of Technology#Kaohsiung Medical University#National Taiwan Ocean University#Renmin University of China#Dalian#Weifang#Chengdu#Changsha#National Chung Hsing University#National Taipei University#Fourth Military Medical University#Hebei Veyong Bio-Chemical Co., Ltd.#Central South University#Nanjing#National Institute of Earth Sciences# Nanjing Institute of Geology and Palaeontology#Shanghai JiaoTong University School of Medicine#Shaanxi Normal University#Capital Normal University#Lingnan University#
Christmas Island#
Cocas Islands#
Colombia#National University of Colombia#Universidad de los Andes#Manizales#Bogotá#Colombi#Universidad de Antioquía#
Comoros#
Congo#
Congo the democratic republic of the#
Cook Islands#
Copenhagen#National Museum
#
Costa Rica#CR#
Cote divide#
Croatia#Croati#University Hospital Centre Zagreb#University of Split#University of Rijeka#Rijeka#Bijenicka#HR#Bjenicka cesta#Zagreb#Split#University of Zagreb#
Cuba#
Cyprus#
Czech Republic#Charles University in Prague#Masaryk University#Prague#Palacky University#CZ#Czechoslovak Academy of Sciences#Czech Technical University in Prague#
Czechoslovakia##
Danmark#Copenhagen#charlottenlund#University Clinic#
Denmark#Copenhagen University Institute of Forensic Medicine#Nordisk Insulinlaboratorium#Carlsberg Laboratorium#Aarhus University#Finsen Laboratory#University of Copenhagen#Danish Meteorological Institute#University of Southern Denmark#Danish University of Technology#Tagensvej#Royal Danish School of Pharmacy#Frederiksberg Hospital#Copenhagen#Zoologiske Museum#Technical University of Denmark#
Djibouti#
Dominica#
Dominican Republic#
ENGLAND#Bartholomew''s Hospital#Herts#Christie Hospital#Molecular Biophysics Unit, Unilever Research Laboratory#Cambridge CB2 2QH#MRC Laboratory of Molecular Biology#Manchester#Royal Cancer Hospital#London#Radiobiological Research Unit#Harwell, Didcot, Berkshire#
East Timor#
Ecuador#
Egypt#Ethiopia#EG#Cairo University#Alexandria University#
El Salvador#
England#Southampton#University of Menchester#Liverpool#Royal Botanic Gardens#Welsh College of Advanced Technology#Coventry#ShrivenhamHants#Newton Abbot#Heath#Menchester#Kew#Plymouth#Citadel Hill#UK#Royal Military College of Science#Cardiff#Stoner Hill#Petersfield#Seale-Hayne Agricultural College#Shrivenham#
Equatorial Guinea#Equatorial Guine#
Eritrea#
Estonia#Tartu#University of Tartu#Tallinn University of Technology#Estoni#Tallinn#
Ethiopia#Addis Ababa#
Falkland Islands#
Faroe Islands#
Fiji#
Finland#Turku#University of Turku#Jyväskylä#Åbo Akademi University#Helsinki#University of Jyväskylä#Tampere University of Technology#University of Helsinki#Tampere#University of Eastern Finland#Finl#Aalto University#University of Oulu#University of Jyvaskyla#Kuopio#
France#Pavillon de Breteuil#University of Bordeaux#Paris#rue C#University of Strasbourg#Bondy#Cen/Saclay BP#Industrial Physics and Chemistry Higher Educational Institution - Paris#Institut Pasteur de Lille#Institut National de la Santé et de la Recherche Médicale#Joseph Fourier University (Grenoble 1)#Centre National de la Recherche Scientifique Unité Propre de Recherche#Ecole National Superieure Mines - Paris#'Laboratoire de Retrovirologie Moleculaire, Institut Pasteur#Ecole Polytechnique#University of Paris Descartes (Paris 5)#Centre National de la Recherche Scientifique#University of Nice Sophia Antipolis#Institut National de la Recherche Agronomique#Pierre and Marie Curie University - Paris 6#University of Louvain#University of Paris Sud (Paris 11)#Ecole Normale Superieure - Lyon#Aix Marseille University#University of Paris Dauphine (Paris 9)#Paul Sabatier University (Toulouse 3)#HEC Paris#Institut Pasteur#riaux#Villejuif#University of Montpellier 1#University of Montpellier 2#Rue Camille St Sa#University of Paris Diderot (Paris 7)#University of Lorraine#Institut National de la Santé et de la Recherche Médicale Equipe Avenir#Ecole Normale Superieure - Paris#University of Rennes 1#riaux Mol#Claude Bernard University Lyon 1#Université Louis Pasteur#
French Guiana#French Gui#Pasteur de Guyane#Cayenne General Hospital#Institut Pasteur de Guyane#Cayenne Cedex#Guyane#
French Polynesia#
French Southern Territories#
Gabon#
Gambia#
Georgia#
German#Robert Koch-Institut#Heidelberg#Bonn#
Germany#Freie Universität Berlin#R. D. Berlin Center for Cell Analysis and Modeling#University of Muenster#University of Tuebingen#Technical University Munich#Technical University Darmstadt#University of Leipzig#University of Halle-Wittenberg#University of Giessen#Center for Stroke Research Berlin#Speyer (Rhein)#University of Regensburg#Homburg-Saar#Karlsruhe Institute of Technology (KIT)#University of Kiel#Universität München#University of Bremen#Heidelberger Akademie der Wissenschaften#University of Stuttgart#Berlin#Helgoland#University of Marburg#Kaiserslautern University of Technology#University of Hannover#University of Goettingen#University of Heidelberg#Berlin-Dahlem#Takustrasse#Darmstadt#U. S. Army Cold Regions Research and Engineering Laboratory#Hamburg#Landwirtschaftliche Untersuchungsund Forschungsanstalt#University of Saarland#Hanover#University of Bonn#University of Rostock#Homburg/Saar#University of Magdeburg#University of Hamburg#University of Bayreuth#University of Bielefeld#University of Mainz#RWTH Aachen University#Dresden University of Technology# Arnimallee#University of the Saar#Free University of Berlin#Ihnestrasse#BIOSS–Centre for Biological Signaling Studies#University of Jena#University of Bochum#Hannover Medical School#Bunsenstrasse#Technical University of Berlin#University of Munich#Friedrich-Schiller-Universit#University of Saarbr#University of Frankfurt#University of Erlangen-Nuremberg#t des Saarlandes#Bergedorf#University of Duesseldorf#University of Duisburg-Essen#Technical University of Braunschweig#Garching#University of Ulm#University of Koeln#University of Wuerzburg#University of Konstanz# Saarbr#
Ghana#Achimota#Gold Coast#Accra#
Gibraltar#
Greece#Aristotle University of Thessaloniki#National and Kapodistrian University of Athens#
Greenland#
Gremany#Johannes Gutenberg University#Johannes Gutenberg-University Mainz#Mainz#
Grenada#
Guadeloupe#
Guam#
Guatemala#
Guindy#Madras#
Guinea#Republic of Guine#
Guinea Bissau#
Guyana#
Haiti#
Heard Islands and McDonald Islands#
Holland#Vondellaan#Eindhoven#Wageningen#St. Elisabeth''s Hospital#Utrecht#Leiden#State University of Utrecht#
Honduras#
Hong Kong#
Hungary#University of Pecs#Hungarian University for Technical Sciences#Szeged#Budapest Medical University#Hollinwood#Widnes#University of Budapest#Eotvos Lorand University#Rottenbiller-u#Ashton-under-Lyne#Culcheth#Lancs#University of Debrecen#Portsmouth Polytechnic#Salford#Budapest#Semmelweis Univ.#Hungarian Academy of Sciences#University of Szeged#Grange-over-Sands#Portsmouth#Ormskirk#Central European University#Bispham#Hungarian National Museum#Aberdeen#
Iceland#ISUniversity of Iceland#Reykjavik#Reykjavik Energy#
India#University of Poona#Roorkee#Colaba Observatory#National Institute of Oceanography#Lucknow University#Madras#Haryana#Bombai#University of Madras#Laherisarai#New Delhi#National Brain Research Centre#Bihar#Tamil Nadu#Haffkine Institute#Chennai#Matunga#M.S. University of Baroda#Indian Institute of Technology Kharagpur#Madras Biomedical Association, Stanley Medical College#Naval Dockyard#Bhabha Atomic Research Centre#Waltair#Pimpri#Osmania University#Darbhanga Medical College#Topiwala National Medical College#Trombay#Bangalore#Srinagar#Allahabad#Poona 7#Pune#Poona 5#Chepauk#Bihar Agricultural College#Lucknow#Tata Memorial Centre#Allahabad University#Wilson College#Byculla#Poona#Grant Medical College#Indian Institute of Science#Madras Medical College#Baroda University#University of Mysore#University of Bombay#Gwalior#Manesar#University of Roorkee#Calcutta#Poona University#Indi#Indian Institute of Technology Bombay#Colaba#Sabour#John Innes Horticultural Institution#Hyderabad#Madurai#St. Xavier''s College#University Biochemical Laboratory Madras#Tata Institute of Fundamental Research#Tambaram#Kodaikanal#Jiwaji Industrial Research Laboratory#Indian Institute of Technology Madras#Atomic Energy Establishment Trombay#Tata Memorial Hospital#Bengal Engineering College#Bhagalpur#Mysore#Tata Institute#West Bengal#Baroda#Madurai Kamaraj University#University of Lucknow#Bombay#Madras Christian College#K. G. Medical College#
Indonesia#Indonesi#Bangka#
Iran#Tehran#Isfahan University of Technology#Ir#University of Tehran#
Iraq#
Ireland#Moorepark#Teagasc#Alimentary Health Ltd.#Moorepark Food Research Centre#University College Dublin#Dublin#Trinity College Dublin#Mercy University Hospital#Irel#St. Finbarr''s Hospital#County Cork#University College Cork#Fermoy#Cork#
Isle of Man#Port Erin#
Israel#The Hebrew University of Jerusalem#Bar-Ilan University#Weizmann Institute of Science#Tel Aviv University#Technion-Israel Institute of Technology#Isreal#Ben-Gurion University of the Negev#
Italia#Roma#
Italy#University of Trento#University of Naples#International School for Advanced Studies#Milano#Universita di Pavia a Varese#University of Turin#Consiglio Nazionale delle Ricerche Institute of Neuroscience and Department of Biomedical Sciences#Pavia#Laboratorio Farmacologico S.p.A.#Politecnico di Milano#Scuola Normale Superiore - Pisa#Naples#Istituto di Biologia e Patologia Molecolari del Consiglio Nazionale delle Ricerche#Centro di Endocrinologia ed Oncologia Sperimentale del Consiglio Nazionale delle Ricerche#University of Genova#University of Calabria#University of Naples Federico II#University of Camerino#University of Florence#Palermo.Alexander Fleming Institute of S.P.A.#Sant'Anna School of Advanced Studies of Pisa#Consiglio Nazionale delle Ricerche#Polytechnic University of Turin#University of Bocconi#University of Perugia#University of Pavia#Camerino#European University Institute#Catholic University of the Sacred Heart#Rome#University of Milan#University of Roma - Tor Vergata#University of Trieste#Lepetit S.p.A.#University of Padua#University of Ferrara#Polytechnic Institute of Milan#University of Messina#Roma Tre University#University of Bologna#Centro Studi Nucleari Enrico Fermi del Politecnico#University of Alberta#Milan#University of Roma - La Sapienza#University of Palermo#University of Pisa#University of Parma#University of Milan - Bicocca#Universite di Palermo#
Ivory Coast#Abidjan#
Jamaica#
Japan##Wakayama Medical University School of Medicine#Nishihara#Jap#Laboratory for Cell Lineage Modulation#Aichi#Ono Pharmaceutical Co., Ltd.#Kinki University School of Medicine#Nagasaki University#AminoScience Laboratories#Suita#Yokohama National University#National Institute of Advanced Industrial Science and TechnologyNational Institute of Agrobiological Sciences#Tanashi#Kirin Brewery Pharmaceutical Research Laboratory#Iwate#Open Laboratories for Advanced Bioscience and Biotechnology#Nara Medical University# Wakayama#Nara Institute of Science and Technology#Yamagata University#University of Tokushima#Institute of Physical and Chemical Research#Tokai University#Fukuoka#Nagaizumi#Aomori#Shizuoka University#The University of Tokyo#Tottori University#Fuchu#Nagaoka University of Technology#Morioka#Yamaguchi University#Laboratories#Hitotsubashi University#Kitasato University School of Medicine#Kinki University#Kochi University#Saitama#Sanda#Kanazawa#Osaka#Aichi Medical University School of Medicine#Keio University#Odawara Research Center#Toho University#Aichi Medical University#Jichi Medical University#Suntory Institute for Bioorganic Research#Chiba University#Tokushima#Shimane#JT Biohistory Research Hall#St. Marianna University School of Medicine#Tohoku University#Sankyo Co., Ltd.#Science University of Tokyo#Kumamoto#Okinawa Institute of Science and Technology Graduate University# Harima Institute#Chiba#Gunma University#Osaka Bioscience Institute#Kurume University#Tokyo Medical and Dental University#Ehime University#Hamamatsu University School of Medicine#Toon#TOYOTA Physical and Chemical Research Institute#Meiji University#Kyushu University#RIKEN Center for Developmental Biology#Gunma#Laboratory of Genomics and Proteomics#Ishikawa#Okazaki#Nagakute#Wako#Osaka Prefectural Institute of Public Health#University of Aizu#Fukushima Medical University#Gifu#National Institutes of Natural Sciences#Kitakyushu#Nagoya University#Chuo University#Niigata#NTT Communication Science Laboratories#Utsunomiya University#World Premier International Immunology Frontier Research Center#The Tazuke Kofukai Medical Research Institute#Kitano Hospital#Osaka University#Izumo#Shizuoka#Tokyo Metropolitan University#Genetic Strains Research Center#Hiroshima University#Dokkyo Medical University#Ibaragi#Okayama University#RIKEN Genomic Sciences Center#Yokohama City University#Yamaguchi#Osaka Medical College#National Institute of Genetics#National Hospital Organization Yamaguchi-Ube Medical Center#Showa University#Miyazaki#Saitama University#Akita Prefectural University#Hirosaki University#RIKEN Research Center for Allergy and Immunology#Ishikawa Prefectural University#Doshisha University#Osaka Medical Center for Cancer#National Research Institute of Fisheries Science#Nara#Kagoshima University#AomoriKyoto#Hyogo#Mito#Nagasaki International University#Chugushi#Kagawa University#Laboratory of Developmental Engineering#Kyushu Institute of Technology#Koganei-shi#Tokyo University of Agriculture and Technology#Fukui University#Misima#Tokyo#Tohoku Institute of Technology#Kobe University#Nikko Station# School of Life Science#Kansai Medical University#Sendai#Kazusa DNA Research Institute#Otsuka Pharmaceutical Co. Ltd.#Kyoto Sangyo University#Research Institute of Genome-Based Biofactory#Hiroshima#Mishima# Aichi Gakuin University School of Health Science#Miyahara-chou#Saga#University of Tsukuba#Waseda University#Akita#Yoshida#National Institute of Biomedical Innovation#Kobe#Research Institute for Biological Sciences Okayama#NTT Corporation#Hokkaido#Graduate University for Advanced Studies#Shinshu University#Toyohashi University of Technology#Kanagawa#Tsukuba#Kagawa#Drug Discovery Research #Tochigi#Nagoya#Niigata University#University of Miyazaki#Kagoshima#Kanazawa University#Plant Genetics Laboratory#Shiga#National Institute for Basic Biology#University of Toyama#Laboratory for Developmental Genetics#Kyoto#Osaka Prefecture University#Osaka City University#University of Tokyo#Okinawa#Meiji University International Institute for Bio-Resource Research#Toyama Medical and Pharmaceutical University#Fukui Prefectural University#Ibaraki University#Nishinomiya#Mie#Tokushima University#Kyoto University#Nagaoka#National Center for Geriatrics and Gerontology#Oita University# National Institute for Longevity Sciences#Nagano#Eiheiji-cho#Higashinari-ku#Toyama#Oita# Tottori#Tokyo University of Education#Shimane University#Shibuya-ku#Hokkaido University#Yazako#Kobe City General Hospital#Chubu University#National Institute of Crop Science#Fukui#Ibaraki#Saga University#Wakayama Medical University#University of the Ryukyus#Tokyo Metropolitan Isotope Centre#Ehime University Proteo-Medicine Research Center#Plant Molecular Technology Research Group#Yokohama#The Third Section of Clinical Investigation, Kinki Blood Center#Fukushima#The University of Tokushima#Sapporo#Okazaki Institute for Integrative Bioscience#
Japn##Yokosuka City Museum#Yokosuka#
Jord#
Jordan#
Kazakhstan#Akmolinsk Oblast#Kokshetau University#
Kazaks tan#
Keny#Eldoret#Economics and Public Health Group;International Livestock Research Institute#Moi University School of Medicine#International Fund for Agricultural Development#World Agroforestry Centre#International Livestock Research Institute#Nairobi#
Kenya#Eldoret#Economics and Public Health Group;International Livestock Research Institute#Moi University School of Medicine#International Fund for Agricultural Development#World Agroforestry Centre#International Livestock Research Institute#Nairobi#
Kiribati#
Kore#Kookmin University#Institute for Basic Science#Oryong-dong, Buk-gu, Gwangju#Jeonju#Ewha Woman’s University#Gyeongsang National University#Jinju #Gachon University of Medicine and Science#Dong-A University#Suwon #Chungnam National University School of Medicine#Seoul#University of Ulsan College of Medicine#Gachon University#Daejeon#University of Seoul#Sogang University#Soongsil University#Institute for Basic Science, Yusung-gu, Daejeon#Pusan National University#Busan #Yusung-gu, Daejeon# National Academy of Agricultural Science, Rural Development Administration#National Cancer Center#Kunsan National University#Institute for Cellular and Molecular Biology#University of Ulsan#Chungnam National University# Gwangju Institute of Science and Technology#Incheon#Yangsan#Chonnam National University Medical School#Chonbuk National University Medical School and Hospital#Goyang, Gyeonggi#Konkuk University#Gwangju Institute of Science and Technology#International Vaccine Institute#
Korea#Kookmin University#Pohang Accelerator Laboratory#Gyeonggi#Institute for Basic Science#Jeon Nam#Jellobuk-do#Jeju National University#Chungbuk National University#Pusan University#Oryong-dong, Buk-gu, Gwangju#Jeonju#Kyungpook National University#Inchon#Goyang, Gyeonggi#Daejeon#Jinju #Gachon University of Medicine and Science#Korea Advanced Institute of Science and Technology#Dong-A University#Korea University#Chungnam National University School of Medicine#Seoul#Gwang-Ju#University of Ulsan College of Medicine#Gachon University#Dongguk University#Gyeongnam#Pohang#University of Seoul#Sogang University#Cheongju#South Kore#Soongsil University#Hanyang University#Institute for Basic Science, Yusung-gu, Daejeon#Pusan National University#Busan #Yusung-gu, Daejeon# National Academy of Agricultural Science, Rural Development Administration#Inha University School of Medicine#Catholic University of Korea#Dongguk University International Hospital#Seoul National University#Kunsan National University#Jeju#Gyeonggi-do#Kyunggi-do#Suwon #Kyung Hee University#DaeJeon#Yonsei University#Institute for Cellular and Molecular Biology#University of Ulsan#Pusan#Chungnam National University# Gwangju Institute of Science and Technology#Incheon#Yangsan#Chonnam National University Medical School#Chonnam National University#Gyeongsang National University#Republic of Kore#National Cancer Center#Ewha Woman’s University#Osong#Konkuk University#Yongin#Kore#Chungnam#Gwangju Institute of Science and Technology#Gyeongju#International Vaccine Institute#
Korea Democratic Peoples Republic of#
Kuwait#
Kyrgyzstan#
Lao#
Latvia#
Lebanon#American University of Beirut#
Lesotho#
Liberia#
Libya#
Liechtenstein#
Lisbon#Instituto de Medicina Tropical#
Lithuania#Lithuani#Vilnius University#Vilnius#
Luxembourg#
Macau#
Macedonia#Macedoni#University of Goce Delcev#
Madagascar#
Malawi#
Malaysia#Kuching#Ipoh#Penang#Kuala Lumpur#Selangor#University of Malaya#Malaysi#Petaling Jaya#
MalaysiaMali#
Maldives#
Mali#
Malta#
Marshall Islands#
Martinique#
Mauritania#
Mauritius#
Mayotte#
Mexico#México City, DF#National Polytechnic Institute#National Autonomous University of Mexico#Metropolitan Autonomous University#University of Guadalajara#Monterrey Institute of Technology and Higher Education#México#
Micronesia#
Moldova#
Monaco#
Mongolia#
Montserrat#
Morocco#
Moscow#Vernadsky Institute, U.S.S.R. Academy of Sciences#
Moscow #Institute of Molecular Genetics, U.S.S.R. Academy of Sciences#
Mozambique#
Myanmar#
Namibia#Walvis Bay#
Nauru#
Nepal#
Netherlands#University of Twente#Vrije Universiteit Amsterdam#Eindhoven University of Technology#Sarphatistraat#Centraal Diergeneeskundig Instituut#Rotterdam#University of Amsterdam#University of Wageningen#Leiden University#Universiteit van Amsterdam#Radboud University Nijmegen#Groningen#Delft University of Technology#Tilburg University#University of Rotterdam#Erasmus University#University of Groningen#University of Maastricht#Anglesey#Utrecht University#VU University Amsterdam#Koninklijke Shell-Laboratorium#Amsterdan#
Netherlands Antilles#
New Caledonia#
New Zealand#University of Otago#Massey University#Private Bag#Malaghan Institute of Medical Research#Palmerston North#Auckland#Victoria University of Wellington#Christchurch#Wellington#Department of Conservation#The University of Auckland#University of Auckland#Lower Hutt#Nelson#University of Canterbury#Nelson Mail Centre#Dunedin#New Zeal#Raglan#
Newport, RI#Joint Astronomy Centre#U. S. S. R.# Institute of Biology of South Seas of Academy of Science#Hilo, HI#Sevastopol#Center for Earthquake Research and Information#Transvaal#The Eppley Laboratory, Inc.# Memphis, TN#Sekhuniland#Jane Furse Memorial Hospital#
Nicaragua#
Niger#
Nigeria#Université d’Abomey-Calavi#Ibadan#Cotonou#Centre de Recherche Entomologique de Cotonou#
Niue#
Norfolk Island#
Northern Marianas Islands#
Northern Rhodesia#Mount Makulu Research Station#Chilanga#
Norway#University of Tromso#University of Oslo# Oslo#University of Bergen#Trondheim#Geitmyrsveien#Kavli Institute at Cornell for Nanoscale Science#Olso#Norwegian University of Science and Technology#Norwegian School of Economics and Business Administration#
Oman#Muscat#Sultan Qaboos University#
Pakistan#Forman Christian College University#Pakist#University of the Punjab#Lahore#
Palau#
Palestine#Hebrew University#
Panama#
Papua New Guinea#
Paraguay#
Peru#Perú#Pontifical Catholic University of Peru#Lima#Universidad Nacional Mayor de San Marcos#
Philippines#Manila#
Pitcairn#
Poiand#Warsaw#
Poland#Jagellonian University#Cracow#Adam Mickiewicz University#University of Silesia#Czestochowa#Gdańsk#Jagiellonska#Institute of Low Temperature and Structure Research#Lodz#Katowice#Poznan#Poznań#PL#Gliwice#University of Lodz#University of Gdańsk#Wroclaw#Wrocław University of Technology#Wrocław#University of Warsaw#Wroclaw University of Technology#University of Gdansk#Pol#Wrocaw#Silesian University#Jagiellonian University#Warsaw#
Portugal#Catholic University of Portugal#University of Coimbra#University of Aveiro#University of Lisbon#Technical University of Lisbon#University of Porto#
Puerto Rico#
Qatar#
Republic of Ghana#Kumasi#
Republic of Ireland#Limerick#
Reunion#
Rhodesia#Salisbury#
Romania#Cluj#University of Cluj#Babeș-Bolyai University#
Rumania#Bucharest#
Russia#Moscow Institute of Physics and Technology#Kondopoga District#Ural State University#Saint Petersburg State University#Moscow#Chernogolovka#Novosibirsk State University#St. Petersburg#Moscow State University#Krasnoyarsk#Novosibirsk#Voronezh State University#Yuzhno-Sakhalinsk#Russi#Pushchino#Academy of Sciences of the U.S.S.R.#Kazan State University#
Russian Federation#Central Scientific Research Institute of Geodesy#Moscow#Central Research Institute of Geodesy, Aerosurvey, and Cartography#
Rwanda#
Saint Helena#
Saint Kitts and Nevis#
Saint Lucia#
Saint Pierre and Miquelon#
Saint Vincent and Grenadines#
Samoa#
San Marino#
Sao Tome and Principe#
Saudi Arabia#Ahsaa#King Abdulaziz University#Thuwal#Center for Plant Stress Genomics and Technology#Kingdom of Saudi Arabi#King Faisal University#King Saud University#King Fahd University of Petroleum & Minerals#Lund#Jeddah#
Scotland#Lamont-Doherty Earth Observatory#Metabolism and Radiation Research Laboratory#Scotl#Hoffmann-LaRoche, Inc.#St. Andrews#Loch Lomondsid#University of St. Andrews#University, St. Andrews#University of Glasgow#Glasgow#The University, St Andrews#University, St. AndrewsSt. Andrews University#
Scots#St. Andrews#
Senegal#Republic of Senegal#
Serbia#University of Belgrade#Serbi#Belgrade#
Seychelles#
Sierra Leone#
Singapore#National University of Singapore#
Slovakia#Comenius University#
Sloveni#Ljubljana#
Slovenia#Ljubljana#University of Ljubljana#
Solomon Islands#
Somalia#
South Africa#North-West University#University of Pretoria#South Afric#Durban#Bloemfontein#Transvaal Museum#Port Elizabeth#Craighall#S. Africa#University of Cape Town#Potchefstroom#Johannesburg#Stellenbosch University#University of the Witwatersrand#Cape Town#University of the Western Cape#University of KwaZulu-Natal#Onderstepoort#Pretoria#Kimberley#
South Kore#Gyeongsang National University#Ulsan National Institute of Science and Technology (UNIST)#Graduate School of Gyeongsang National University#Ulsan National Institute of Science and Technology#
South Korea#Chung-Ang University#Chonbuk Natl University#Gyeongsang Natl University#Sungkyunkwan University#Graduate School of Gyeongsang National University#Ulsan National Institute of Science and Technology#Gyeongsang National University#Ulsan National Institute of Science and Technology (UNIST)#Pohang University of Science and Technology#
Spai#Universitat de les Illes Balears–Consejo Superior de Investigaciones Científicas#Esporles, Illes Balears#Servicio de Salud de Castilla-La Mancha#University La Laguna#Hospital Universitario Canarias#Toledo#Valencia#Tenerife #
Spain#Universitat de les Illes Balears–Consejo Superior de Investigaciones Científicas#Vall d''Hebron Institute of Oncology#Santander#Miguel Hernandez University of Elche#Programa de Genética del Cáncer#Universidad de Salamanca#Toledo#Charles III University of Madrid#Zaragoza#University of Santiago Compostela#Universidad de Oviedo#Centro Nacional de Investigaciones Oncológicas#University of Alicante#Ramón y Cajal University Hospital#University of Cantabria#Donostia-San Sebastian#Santiago de Compostela#Navarra#University of Oviedo#Institut de Biologia Evolutiva#Albacete#Burgos#Polytechnic University of Catalonia#Autonomous University of Barcelona#Bellaterra#University of Valencia#Sevilla#Seville#Campus Universitario de Espinardo#Universitat Pompeu Fabra (UPF)#Pontevedra#Santa Cruz de Tenerife#Vall d''Hebron University Hospital#Complutense University#Universidad de La Laguna#University of Granada#University La Laguna#University of Sevilla#University of La Laguna#Universidad de Alcalá#University of Alcala#Universidad de Córdoba#Servicio de Salud de Castilla-La Mancha#University of the Balearic Islands#Pamplona#Majadahonda#University of Zaragoza#San Sebastián#University of Navarra#Institut Municipal d’Assistencia Sanitaria#Oviedo#Universitat Pompeu Fabra#University of Barcelona#Universitat Autònoma de Barcelona#Cantoblanco#Sant Joan d’Alacant#Madrid#Alicante#Tenerife #Córdoba#University of Pompeu Fabra#Granada#Complutense University of Madrid#CSIC/Universidad Autónoma de Madrid (UAM)#Salamanca#Polytechnic University of Valencia#Catalonia#University of Salamanca#University of Vigo#Hospital Universitario Canarias#Parque Tecnológico de Bizkaia#Universidad de Castilla-La Mancha#Josep Samitier#Algarrobo-Costa#Universidad del Pais Vasco#Universidad de Vigo#Nafarroa#Consejo Superior de Investigaciones Cientificas#Universidad de Ovied#University of the Basque Country#Universidad Complutense de Madrid#Barcelona Science Park#Valencia#Universitario de Oncología#Starlab Barcelona SL#Esporles, Illes Balears#Universidad de Zaragoza#University of Malaga#Universitat Ramon Llull#Universidad de Alcalá de Henares#Derio#Tarragona#Universidad Pablo de Olavide#Universidad San Pablo CEU#Universitat Rovira i Virgili#Murcia#Barcelona#Universidad de Alcala#Bilbao#University of Cordoba#Universidad de Alicante#Donostia#Jordi Girona#Autonomous University of Madrid#CSIC-Universidad Politécnica de Valencia#Apartado#Armilla-Granada#
Sri Lanka#
Sudan#
Suland#University College of Khartoum#Khartoum#
Suriname#
Svalbard and Jan Mayan#
Swaziland#
Sweden#Göteborg University#University of Lund#Chalmers University of Technology#Umea University#University of Gothenburg#University of Göteborg and Chalmers#Research Institute of National Defence#University of Göteborg#University of Upsala#Stockholm University#Uppsala#Royal Institute of Technology#Umeå Universitet#Upsala#Solna#Uppsala University#Karolinska Institute#Kalmar#Swede#The University of Lund#Alnarp#Skärholmen#Fiskebäckskil#Lund University#Stockholm#Linnaeus University#City of Stockholm Blood Transfusion Centre#Malmö General Hospital#Swedish University of Agricultural Sciences#Linkoping University#Sahlgrenska University Hospital#Lund#Göteborg#Gothenburg University#
Swiss#Lausanne#
Switzerland#Université de Genève#Zürich#University of Fribourg#Basel#University of Zürich#Hoffman-La Roche#Locarno#Plan-les-Ouates#Linköping University#Schweitz#Universite de Gen#Geneva#Thun#Institute of Physiology and Zürich Center for Integrative Human Physiology#University of Zurich#Luzern#University of Basel#Frick#Lausanne#Epalinges#Switzerl#Université de Neuchâtel#Fasteris SA#Villigen PSI#Neuchātel#Villigen#University of Freiburg#Swiss Federal Institute of Technology Zurich#Couvet#University Hospital Basel#ETH Zürich#University of Geneva#GenevaBasel#Zurich#University of Lausanne#University of Lucerne#Basel University Hospital#Laboratory of Ecohydrology#Swiss Federal Institute of Technology of Lausanne#University of Bern#
Syria#
Taiwan#Institute of Biomedical Sciences#Academia Sinica#Taipei#
Tajikistan#
Tanzania#Tanganyika#Tanzani#Dar es Salaam#
Thailand#Armed Forces Research Institute of Medical Sciences#Siriraj Hospital#Queen Sirikit National Institute of Child Health#Srinakharinwirot University#Bangkok#Chulalongkorn University#Thail#Mahidol University#
The Federal Democratic Republic of Ethiopia##
The Hellenic Republic#Athens#
Togo#
Tokelau#
Tonga#
Trinidad##
Trinidad and Tobago#
Tunisia#Sfax#Tunisi#2092 El Manar#
Turkey#Koc University#Hacettepe University#Istanbul#Bogazici University#Istanbul University#Bilkent University#
Turkmenistan#
Turks audacious Islands#
Tuvalu#
UK#John Innes Horticultural Institution#Troon#Porton#Microbiological Research Establishment#Hertford# england#Bayfordbury#Department of Scientific and Industrial Research#Towcester#Caswell Research Laboratories#Newcastle upon Tyne#Salisbury#Slough#John Innes Centre#Northants#Tyne and Wear#
Uganda#Kampala#
Ukraine#Lva Tolstogo#Karazin Kharkiv National University#
United Arab Emirates#
United Kingdom#Goldsmiths#Sussex#Rotherham#Worcs.#University of Reading#University of Hull#Yorkshire#University of Camebridge#iddlesex#Kent#Heriot-Watt University#Silsoe, Beds#Hull#Wilts.#The University of Sheffield#Newmarket#Coleford#Plymouth University#Newcastle#Dorset#Hertfordshire#Bedfordshire#Bedford#University College of Swansea#Norfolk#Egham, Surrey#Queen Mary, U. of London#University of Bath#University of Southampton#University of Surrey#GB#East Malling Research Station#Holton Heath#Royal Holloway, U. of London#Exeter#Northampton College#U.K#England#The University of Edinburgh#Suffolk#Nottingham#Bradford Institute of Technology#Durham#Manchester#Royal Holloway College#Shrewsbury#Bucks#The University of Glasgow#University of Stirling#Datchet#University of Nottingham#Royal School of Mines#DRA Electronics Division#Sharnbrook#H.M. Norfolk Flax Establishment#Slough#St. Andrews#Midlothian#Wembley#Swansea#University of Dundee#University of Aberdeen#Edinburgh#Aldermaston#Sheffield#University of Bristol#MNorthampton#Leeds#London School of Hygiene and Tropical Medicine#London#University of Leicester#Ware#RAF Institute of Aviation Medicine#The Royal Naval Hospital#Maidstone#Southampton#Birkbeck, University of London#University of Manchester#Staffordshire#University of New Hampshire#Cheshire#Fordingbridge#Farnborough#University of Liverpool#Cambridge#Engl#Castleford#Hadassah#Imperial Chemical Industries Limited#Essex#Anglesey#Middlesbrough#University of East Anglia#UK#Oxford Brookes University#Edgbaston#Doncaster#University of Oxford#Queen's University Belfast#University of St Andrews#U.K.#Belfast#University of Sheffield#University of Warwick#London School of Economics and Political Science#G. R. Harrison Spectroscopy Laboratory#Macclesfield#Ely#British Cotton Industry Research Association#The University of Reading#Ambleside#The Imperial College of Science, Technology and Medicine#British Museum#Bracknell#University of Keeles#Westmorland#The University, Sheffield#The Open University#Armadale#Hickson''s Timber Impregnation Co.#University of Exeter#Bangor University#Buckinghamshire#University College London#Bradford#Royal Air Force Institute of Aviation Medicine#Royal Aircraft Establishment#University of York#Dunbartonshire#Brunel University#Alverstoke#Rothamsted Experimental Station#University of Edinburgh#The University of Dundee#Swansea Univ#Istituto Ganassini#Constantine College of Technology#Colworth House#University of Bradford#Surrey#Christie Hospital and Holt Radium Institute#Lowestoft#Cheltenham#Herstmonceux Castle#Royal Naval Physiological Laboratory#Birmingham#ICI Fibres Ltd#Birminghan#Teesside Polytechnic#Newcastle Technical College#University of Sussex#Royal Signals &amp#The University of Manchester#Royal Greenwich Observatory#Berkshire#Hampshire#Aberystwyth, University of Wales#Aylesbury#Robert Hooke Institute#Moorgate#Lancaster University#Glasgow#School of Oriental and African Studies#Middlesex#Albert Schweitzer Strasse#Atomic Energy Research Establishment#Teddington#University of Hertfordshire#Hampstead#University of Strathclyde#Aberystwyth#Leatherhead#University Of Central Lancashire#Keble College#Oxford#The University, St. Andrews#Malvern#Cardiff University#Strasbourg#University of Birmingham#Reading#University of Durham#Western General Hospital#Public Health Laboratory#Newcastle University#Harrogate#Bangor#University of Essex#Poole#Bristol#University of Leeds#Harpenden#British Coal Utilisation Research Association#Fort Halstead#Taunton#Beckenham#University College of North Wales#Hadassah University Hospital#Porton Down#Isleworth#British Museum (Natural History)#Cardiff#University of Cambridge#King's College London#
United States of United States Minor outlying Islands#UM#
Universidade de São Paulo#Université des Sciences et Techniques du Languedoc#
Uruguay#
Uzbekistan#
Vanuatu#
Vatican#
Venezuela#Maracaibo#Venezuel#Caracas#Universidad Catolica Andres Bello#
Viet Nam#Vietnam#
Vietnam#Hanoi#
Virgin Islands British#VG#
Virgin Islands US#
Wales#Formerly University of Wales#
Wallis and Futuna#
Western Sahara#
World Health Organization
Yemen#
Yemensui#
Yugoslavia#University of Novi Sad#Novi Sad#Yugoslavi#Belgrade#
Zambia#Zambi#Lusaka#Choma#
Zimbabwe#
cc#Warsaw#
